{
  "baseline": true,
  "compared_to": null,
  "wall_clock": 242.18957189999992,
  "detect_elapsed": 242.12684100000024
}