{
  "timers": {
    "total": 242.07375180000008,
    "decoder_wait": 0.0,
    "roi": 0.24865389999649778,
    "extract_features": 88.61667080000507,
    "visual_distance": 0.24178739999160825,
    "threshold": 0.12724030000299535,
    "debounce": 0.002093900000090798,
    "pass2_collect": 53.66937710000002,
    "pass2_dedupe": 6.290983800000049,
    "pass2_screenshots": 0.08570970000027955
  },
  "counters": {
    "frames_decoded": 72002,
    "frames_sampled": 1201,
    "features_full": 1201,
    "features_quick": 0,
    "slides_detected": 28,
    "screenshots_written": 6,
    "ndarray_conversions": 2402,
    "representative_frames": 84,
    "pass2_frames_sampled": 1201,
    "representative_frame_bytes": 522547200
  },
  "gauges": {
    "rgb_transfer_bytes": 14942361600,
    "rss_before_mb": 0,
    "rss_peak_mb": 0,
    "rss_after_mb": 0,
    "peak_in_flight": 0
  }
}