{
  "baseline": true,
  "compared_to": null,
  "wall_clock": 239.27620339999885,
  "detect_elapsed": 239.2158201000002
}