{
  "baseline": true,
  "compared_to": null,
  "wall_clock": 246.02361109999993,
  "detect_elapsed": 245.9600488000001
}