{
  "timers": {
    "total": 245.90538719999995,
    "decoder_wait": 0.0,
    "roi": 0.25366979999262185,
    "extract_features": 87.95366530000592,
    "visual_distance": 0.23582830000304966,
    "threshold": 0.11830289999352317,
    "debounce": 0.0018379000002823886,
    "pass2_collect": 54.68143710000004,
    "pass2_dedupe": 6.235529000000042,
    "pass2_screenshots": 0.08552969999982452
  },
  "counters": {
    "frames_decoded": 72002,
    "frames_sampled": 1201,
    "features_full": 1201,
    "features_quick": 0,
    "slides_detected": 28,
    "screenshots_written": 6,
    "ndarray_conversions": 2402,
    "representative_frames": 84,
    "pass2_frames_sampled": 1201,
    "representative_frame_bytes": 522547200
  },
  "gauges": {
    "rgb_transfer_bytes": 14942361600,
    "rss_before_mb": 0,
    "rss_peak_mb": 0,
    "rss_after_mb": 0,
    "peak_in_flight": 0
  }
}