{
  "schema_version": "1.0.0",
  "tool": "sweep_analysis_resolution",
  "created_at": "2026-07-18T10:39:59.193488+00:00",
  "head_sha": "51118330fc4e2fdbae11d98bd2920c3b99a9d038",
  "python_version": "3.14.6",
  "platform": "Windows-11-10.0.26200-SP0",
  "video": "D:\\git\\video2pptx\\tests\\fixtures\\test_slides.mp4",
  "video_name": "test_slides.mp4",
  "grid": {
    "analysis_max_side": [
      null,
      320,
      160
    ],
    "sample_fps": [
      0.5
    ],
    "n_runs": 2,
    "min_slide_duration": 1.0,
    "min_stable_duration": 0.5,
    "decoder_backend": "auto",
    "iou_threshold": 0.3,
    "warmup": true
  },
  "cells": [
    {
      "analysis_max_side": null,
      "sample_fps": 0.5,
      "label": "side=native_fps=0.5",
      "is_reference": true,
      "n_runs": 2,
      "wall_clock_seconds_median": 0.6569865999990725,
      "wall_clock_seconds": {
        "values": [
          0.6590715999991517,
          0.6549015999989933
        ],
        "median": 0.6569865999990725,
        "mean": 0.6569865999990725,
        "stdev": 0.002948635277659856,
        "min": 0.6549015999989933,
        "max": 0.6590715999991517
      },
      "detect_timer_total_median": 0.6568051499998546,
      "timers_focus_median": {
        "pass1_decode_or_frame_advance": 0.28930519999630633,
        "extract_features": 0.08063924999987648,
        "pass2_decode_or_frame_advance": 0.2810123999934149,
        "pass2_dedupe": 1.7500005924375728e-06,
        "pass2_screenshots": 0.001486450000811601,
        "roi": 8.299999535665847e-06,
        "visual_distance": 0.0009503500004939269,
        "threshold": 0.0001710499982436886,
        "debounce": 4.050001734867692e-06,
        "pass2_match_and_collect": 1.809999957913533e-05
      },
      "slides_count": 1,
      "score_count": 5,
      "segments": [
        {
          "index": 1,
          "start": 0.0,
          "end": 12.0,
          "representative_timestamp": 9.600000000000001
        }
      ],
      "gauges": {
        "rgb_transfer_bytes": 11059200,
        "rss_before_mb": 0,
        "rss_peak_mb": 0,
        "rss_after_mb": 0,
        "peak_in_flight": 0,
        "analysis_max_side": 0,
        "analysis_height": 480,
        "analysis_width": 640,
        "analysis_scale_factor": 1.0
      },
      "counters": {
        "frames_decoded": 720,
        "frames_sampled": 6,
        "features_full": 6,
        "features_quick": 0,
        "slides_detected": 1,
        "screenshots_written": 1,
        "ndarray_conversions": 12,
        "representative_frames": 1,
        "pass2_frames_sampled": 6,
        "representative_frame_bytes": 921600
      },
      "png_shapes": [
        [
          480,
          640
        ]
      ],
      "full_res_screenshot_ok": true,
      "quality_vs_native": {
        "ref_count": 1,
        "cand_count": 1,
        "matched": 1,
        "missed": 0,
        "false_splits": 0,
        "missed_slide_rate": 0.0,
        "false_split_rate": 0.0,
        "mean_iou": 1.0,
        "timestamp_error_start": {
          "mean": 0.0,
          "median": 0.0,
          "max": 0.0
        },
        "timestamp_error_end": {
          "mean": 0.0,
          "median": 0.0,
          "max": 0.0
        },
        "timestamp_error_all": {
          "mean": 0.0,
          "median": 0.0,
          "max": 0.0
        },
        "iou_threshold": 0.3
      },
      "quality_gates": {
        "pass": true,
        "gates": {
          "missed_slide_rate": true,
          "false_split_rate": true,
          "timestamp_error_median": true
        },
        "thresholds": {
          "missed_slide_rate": 0.05,
          "false_split_rate": 0.1,
          "timestamp_error_median": 1.5
        }
      },
      "per_run": [
        {
          "wall_clock_seconds": 0.6590715999991517,
          "detect_timer_total": 0.6588857999995525,
          "slides_count": 1,
          "timers_focus": {
            "pass1_decode_or_frame_advance": 0.2911904999928083,
            "extract_features": 0.08091000000058557,
            "pass2_decode_or_frame_advance": 0.28087399999640184,
            "pass2_dedupe": 2.0000006770715117e-06,
            "pass2_screenshots": 0.0014760999983991496,
            "roi": 8.600000001024455e-06,
            "visual_distance": 0.000970200006122468,
            "threshold": 0.0001626999983272981,
            "debounce": 4.5000015234109014e-06,
            "pass2_match_and_collect": 1.7899998056236655e-05
          },
          "gauges": {
            "rgb_transfer_bytes": 11059200,
            "rss_before_mb": 0,
            "rss_peak_mb": 0,
            "rss_after_mb": 0,
            "peak_in_flight": 0,
            "analysis_max_side": 0,
            "analysis_height": 480,
            "analysis_width": 640,
            "analysis_scale_factor": 1.0
          }
        },
        {
          "wall_clock_seconds": 0.6549015999989933,
          "detect_timer_total": 0.6547245000001567,
          "slides_count": 1,
          "timers_focus": {
            "pass1_decode_or_frame_advance": 0.28741989999980433,
            "extract_features": 0.0803684999991674,
            "pass2_decode_or_frame_advance": 0.2811507999904279,
            "pass2_dedupe": 1.5000005078036338e-06,
            "pass2_screenshots": 0.0014968000032240525,
            "roi": 7.99999907030724e-06,
            "visual_distance": 0.0009304999948653858,
            "threshold": 0.00017939999816007912,
            "debounce": 3.6000019463244826e-06,
            "pass2_match_and_collect": 1.8300001102034003e-05
          },
          "gauges": {
            "rgb_transfer_bytes": 11059200,
            "rss_before_mb": 0,
            "rss_peak_mb": 0,
            "rss_after_mb": 0,
            "peak_in_flight": 0,
            "analysis_max_side": 0,
            "analysis_height": 480,
            "analysis_width": 640,
            "analysis_scale_factor": 1.0
          }
        }
      ],
      "speedup_vs_native_wall": 1.0,
      "seconds_saved_vs_native_wall": 0.0,
      "wall_reduction_pct": 0.0,
      "speedup_vs_native_extract_features": 1.0,
      "extract_features_reduction_pct": 0.0
    },
    {
      "analysis_max_side": 320,
      "sample_fps": 0.5,
      "label": "side=320_fps=0.5",
      "is_reference": false,
      "n_runs": 2,
      "wall_clock_seconds_median": 0.5904118500002369,
      "wall_clock_seconds": {
        "values": [
          0.5955960999999661,
          0.5852276000005077
        ],
        "median": 0.5904118500002369,
        "mean": 0.5904118500002369,
        "stdev": 0.007331636660349775,
        "min": 0.5852276000005077,
        "max": 0.5955960999999661
      },
      "detect_timer_total_median": 0.5902837000012369,
      "timers_focus_median": {
        "pass1_decode_or_frame_advance": 0.28102915000090434,
        "extract_features": 0.02212005000365025,
        "pass2_decode_or_frame_advance": 0.2809950500013656,
        "pass2_dedupe": 1.8999999156221747e-06,
        "pass2_screenshots": 0.0015387499988719355,
        "roi": 0.00010649999421730172,
        "visual_distance": 0.0009765500017238082,
        "threshold": 0.000161449996085139,
        "debounce": 3.850000211969018e-06,
        "pass2_match_and_collect": 1.8749995433609e-05
      },
      "slides_count": 1,
      "score_count": 5,
      "segments": [
        {
          "index": 1,
          "start": 0.0,
          "end": 12.0,
          "representative_timestamp": 9.600000000000001
        }
      ],
      "gauges": {
        "rgb_transfer_bytes": 11059200,
        "rss_before_mb": 0,
        "rss_peak_mb": 0,
        "rss_after_mb": 0,
        "peak_in_flight": 0,
        "analysis_max_side": 320,
        "analysis_height": 240,
        "analysis_width": 320,
        "analysis_scale_factor": 0.5
      },
      "counters": {
        "frames_decoded": 720,
        "frames_sampled": 6,
        "features_full": 6,
        "features_quick": 0,
        "slides_detected": 1,