{
  "baseline": true,
  "compared_to": null,
  "wall_clock": 229.74982680000176,
  "detect_elapsed": 229.6528047000029
}