{
  "baseline": true,
  "compared_to": null,
  "wall_clock": 222.28747569999905,
  "detect_elapsed": 222.22499099999914
}