{
  "baseline": true,
  "compared_to": null,
  "wall_clock": 246.73553859999993,
  "detect_elapsed": 246.63791440000023
}