{
  "baseline": true,
  "compared_to": null,
  "wall_clock": 236.7328265999986,
  "detect_elapsed": 236.6727335000014
}