{
  "timers": {
    "total": 236.62078309999924,
    "decoder_wait": 0.0,
    "roi": 0.3062355000147363,
    "extract_features": 85.41323670000565,
    "visual_distance": 0.23917869996694208,
    "threshold": 0.1275032000085048,
    "debounce": 0.0023034999994706595,
    "pass2_collect": 52.829286300000604,
    "pass2_dedupe": 6.147669299998597,
    "pass2_screenshots": 0.08551779999834253
  },
  "counters": {
    "frames_decoded": 72002,
    "frames_sampled": 1201,
    "features_full": 1201,
    "features_quick": 0,
    "slides_detected": 28,
    "screenshots_written": 6,
    "ndarray_conversions": 2402,
    "representative_frames": 84,
    "pass2_frames_sampled": 1201,
    "representative_frame_bytes": 522547200
  },
  "gauges": {
    "rgb_transfer_bytes": 14942361600,
    "rss_before_mb": 0,
    "rss_peak_mb": 0,
    "rss_after_mb": 0,
    "peak_in_flight": 0
  }
}