{
  "baseline": true,
  "compared_to": null,
  "wall_clock": 242.8833185000003,
  "detect_elapsed": 242.78717999999935
}