{
  "timers": {
    "total": 242.7154586000015,
    "decoder_wait": 0.0,
    "roi": 0.3013714000244363,
    "extract_features": 84.95629579997512,
    "visual_distance": 0.2798546999856626,
    "threshold": 0.15642790001766116,
    "debounce": 0.005146800000147778,
    "pass2_collect": 55.13273129999834,
    "pass2_dedupe": 5.973280500000328,
    "pass2_screenshots": 0.08746640000026673
  },
  "counters": {
    "frames_decoded": 72002,
    "frames_sampled": 1201,
    "features_full": 1201,
    "features_quick": 0,
    "slides_detected": 28,
    "screenshots_written": 6,
    "ndarray_conversions": 2402,
    "representative_frames": 84,
    "pass2_frames_sampled": 1201,
    "representative_frame_bytes": 522547200
  },
  "gauges": {
    "rgb_transfer_bytes": 14942361600,
    "rss_before_mb": 0,
    "rss_peak_mb": 0,
    "rss_after_mb": 0,
    "peak_in_flight": 0
  }
}