{
  "baseline": true,
  "compared_to": null,
  "wall_clock": 247.35562210000353,
  "detect_elapsed": 247.2935010000001
}