{
  "baseline": true,
  "compared_to": null,
  "wall_clock": 265.18782160000046,
  "detect_elapsed": 265.1246777999986
}