{
  "baseline": true,
  "compared_to": null,
  "wall_clock": 311.85610240000096,
  "detect_elapsed": 311.79313550000006
}