{
  "baseline": true,
  "compared_to": null,
  "wall_clock": 272.63349590000144,
  "detect_elapsed": 272.56575189999785
}