{
  "analysis_max_side": 480,
  "sample_fps": 2.0,
  "label": "side=480_fps=2",
  "is_reference": false,
  "n_runs": 2,
  "wall_clock_seconds_median": 113.25374365000062,
  "wall_clock_seconds": {
    "values": [
      112.69918880000114,
      113.80829850000009
    ],
    "median": 113.25374365000062,
    "mean": 113.25374365000062,
    "stdev": 0.7842589899490371,
    "min": 112.69918880000114,
    "max": 113.80829850000009
  },
  "detect_timer_total_median": 113.22694724999928,
  "timers_focus_median": {
    "pass1_decode_or_frame_advance": 52.0013732500247,
    "extract_features": 5.665977000056955,
    "pass2_decode_or_frame_advance": 52.32327459993576,
    "pass2_dedupe": 1.3934804999989865,
    "pass2_screenshots": 0.05250730000079784,
    "roi": 0.26435155000035593,
    "visual_distance": 0.21868645002905396,
    "threshold": 0.11694045001604536,
    "debounce": 0.0001656499989621807,
    "pass2_match_and_collect": 0.011917549973077257
  },
  "slides_count": 4,
  "score_count": 1200,
  "segments": [
    {
      "index": 1,
      "start": 9.0,
      "end": 172.5,
      "representative_timestamp": 17.0
    },
    {
      "index": 2,
      "start": 250.0,
      "end": 489.0,
      "representative_timestamp": 258.4
    },
    {
      "index": 3,
      "start": 489.0,
      "end": 570.5,
      "representative_timestamp": 506.2
    },
    {
      "index": 4,
      "start": 588.0,
      "end": 600.0166666666667,
      "representative_timestamp": 597.6133333333333
    }
  ],
  "gauges": {
    "rgb_transfer_bytes": 14942361600,
    "rss_before_mb": 0,
    "rss_peak_mb": 0,
    "rss_after_mb": 0,
    "peak_in_flight": 0,
    "analysis_max_side": 480,
    "analysis_height": 270,
    "analysis_width": 480,
    "analysis_scale_factor": 0.25
  },
  "counters": {
    "frames_decoded": 72002,
    "frames_sampled": 1201,
    "features_full": 1201,
    "features_quick": 0,
    "slides_detected": 4,
    "screenshots_written": 4,
    "ndarray_conversions": 2402,
    "representative_frames": 19,
    "pass2_frames_sampled": 1201,
    "representative_frame_bytes": 118195200
  },
  "png_shapes": [
    [
      1080,
      1920
    ],
    [
      1080,
      1920
    ],
    [
      1080,
      1920
    ],
    [
      1080,
      1920
    ]
  ],
  "full_res_screenshot_ok": true,
  "quality_vs_native": {
    "ref_count": 4,
    "cand_count": 4,
    "matched": 4,
    "missed": 0,
    "false_splits": 0,
    "missed_slide_rate": 0.0,
    "false_split_rate": 0.0,
    "mean_iou": 0.9564220183486238,
    "timestamp_error_start": {
      "mean": 0.0,
      "median": 0.0,
      "max": 0.0
    },
    "timestamp_error_end": {
      "mean": 7.125,
      "median": 0.0,
      "max": 28.5
    },
    "timestamp_error_all": {
      "mean": 3.5625,
      "median": 0.0,
      "max": 28.5
    },
    "iou_threshold": 0.3
  },
  "quality_gates": {
    "pass": true,
    "gates": {
      "missed_slide_rate": true,
      "false_split_rate": true,
      "timestamp_error_median": true
    },
    "thresholds": {
      "missed_slide_rate": 0.05,
      "false_split_rate": 0.1,
      "timestamp_error_median": 1.5
    }
  },
  "per_run": [
    {
      "wall_clock_seconds": 112.69918880000114,
      "detect_timer_total": 112.67266969999764,
      "slides_count": 4,
      "timers_focus": {
        "pass1_decode_or_frame_advance": 51.919746200012014,
        "extract_features": 5.682721500084881,
        "pass2_decode_or_frame_advance": 51.83770729994285,
        "pass2_dedupe": 1.3961892999977863,
        "pass2_screenshots": 0.05212849999952596,
        "roi": 0.26451819998328574,
        "visual_distance": 0.21876840004188125,
        "threshold": 0.12323550002111006,
        "debounce": 0.00016279999908874743,
        "pass2_match_and_collect": 0.01188589998128009
      },
      "gauges": {
        "rgb_transfer_bytes": 14942361600,
        "rss_before_mb": 0,
        "rss_peak_mb": 0,
        "rss_after_mb": 0,
        "peak_in_flight": 0,
        "analysis_max_side": 480,
        "analysis_height": 270,
        "analysis_width": 480,
        "analysis_scale_factor": 0.25
      }
    },
    {
      "wall_clock_seconds": 113.80829850000009,
      "detect_timer_total": 113.78122480000093,
      "slides_count": 4,
      "timers_focus": {
        "pass1_decode_or_frame_advance": 52.083000300037384,
        "extract_features": 5.649232500029029,
        "pass2_decode_or_frame_advance": 52.808841899928666,
        "pass2_dedupe": 1.3907717000001867,
        "pass2_screenshots": 0.052886100002069725,
        "roi": 0.2641849000174261,
        "visual_distance": 0.21860450001622667,
        "threshold": 0.11064540001098067,
        "debounce": 0.00016849999883561395,
        "pass2_match_and_collect": 0.011949199964874424
      },
      "gauges": {
        "rgb_transfer_bytes": 14942361600,
        "rss_before_mb": 0,
        "rss_peak_mb": 0,
        "rss_after_mb": 0,
        "peak_in_flight": 0,
        "analysis_max_side": 480,
        "analysis_height": 270,
        "analysis_width": 480,
        "analysis_scale_factor": 0.25
      }
    }
  ]
}