{
  "baseline": true,
  "compared_to": null,
  "wall_clock": 276.18224740000005,
  "detect_elapsed": 276.1155335000003
}