{
  "baseline": true,
  "compared_to": null,
  "wall_clock": 245.1645810000009,
  "detect_elapsed": 245.0796905999996
}