{
  "baseline": true,
  "compared_to": null,
  "wall_clock": 237.27099249999992,
  "detect_elapsed": 237.2070509999994
}