{
  "timers": {
    "total": 237.14970539999922,
    "decoder_wait": 0.0,
    "roi": 0.3017410999855201,
    "extract_features": 85.44929150001553,
    "visual_distance": 0.242722999992111,
    "threshold": 0.12546000003021618,
    "debounce": 0.0023612999993929407,
    "pass2_collect": 53.80392549999851,
    "pass2_dedupe": 5.997270300000309,
    "pass2_screenshots": 0.08381889999873238
  },
  "counters": {
    "frames_decoded": 72002,
    "frames_sampled": 1201,
    "features_full": 1201,
    "features_quick": 0,
    "slides_detected": 28,
    "screenshots_written": 6,
    "ndarray_conversions": 2402,
    "representative_frames": 84,
    "pass2_frames_sampled": 1201,
    "representative_frame_bytes": 522547200
  },
  "gauges": {
    "rgb_transfer_bytes": 14942361600,
    "rss_before_mb": 0,
    "rss_peak_mb": 0,
    "rss_after_mb": 0,
    "peak_in_flight": 0
  }
}