{
  "baseline": true,
  "compared_to": null,
  "wall_clock": 247.6018435000001,
  "detect_elapsed": 247.5336997999998
}